,Close
2019-04-10,5318.6
2019-04-11,5048.56
2019-04-12,5081.5
2019-04-13,5080.66
2019-04-14,5165.59
2019-04-15,5037.27
2019-04-16,5212.81
2019-04-17,5236.26
2019-04-18,5289.75
2019-04-19,5295.53
2019-04-20,5326.18
2019-04-21,5305.74
2019-04-22,5394.67
2019-04-23,5539.1
2019-04-24,5454.58
2019-04-25,5162.67
2019-04-26,5234.09
2019-04-27,5229.48
2019-04-28,5272.45
2019-04-29,5237.96
2019-04-30,5350.64
2019-05-01,5389.54
2019-05-02,5500.72
2019-05-03,5753.38
2019-05-04,5840.08
2019-05-05,5794.14
2019-05-06,5748.17
2019-05-07,5819.57
2019-05-08,5998.71
2019-05-09,6171.96
2019-05-10,6358.29
2019-05-11,7191.36
2019-05-12,6977.63
2019-05-13,7806.36
2019-05-14,7980.13
2019-05-15,8183.83
2019-05-16,7874.11
2019-05-17,7371.96
2019-05-18,7266.08
2019-05-19,8193.14
2019-05-20,7998.29
2019-05-21,7947.93
2019-05-22,7626.89
2019-05-23,7876.5
2019-05-24,7996.4
2019-05-25,8059.13
2019-05-26,8726.23
2019-05-27,8785.17
2019-05-28,8718.85
2019-05-29,8664.56
2019-05-30,8276.25
2019-05-31,8550.67
2019-06-01,8555.87
2019-06-02,8737.91
2019-06-03,8114.49
2019-06-04,7677.47
2019-06-05,7791.29
2019-06-06,7807.36
2019-06-07,8002.63
2019-06-08,7933.78
2019-06-09,7643.44
2019-06-10,8021.0
2019-06-11,7917.32
2019-06-12,8174.14
2019-06-13,8235.57
2019-06-14,8693.96
2019-06-15,8853.56
2019-06-16,8979.18
2019-06-17,9336.01
2019-06-18,9081.71
2019-06-19,9280.54
2019-06-20,9536.85
2019-06-21,10218.87
2019-06-22,10689.54
2019-06-23,10855.99
2019-06-24,11035.74
2019-06-25,11740.34
2019-06-26,12913.28
2019-06-27,11154.09
2019-06-28,12355.06
2019-06-29,11884.1
2019-06-30,10769.05
2019-07-01,10591.87
2019-07-02,10844.13
2019-07-03,11981.61
2019-07-04,11156.52
2019-07-05,10993.25
2019-07-06,11248.94
2019-07-07,11474.28
2019-07-08,12296.16
2019-07-09,12567.02
2019-07-10,12099.12
2019-07-11,11343.12
2019-07-12,11797.37
2019-07-13,11363.97
2019-07-14,10204.41
2019-07-15,10850.26
2019-07-16,9423.44
2019-07-17,9696.15
2019-07-18,10638.35
2019-07-19,10532.94
2019-07-20,10759.42
2019-07-21,10586.71
2019-07-22,10325.87
2019-07-23,9854.15
2019-07-24,9772.14
2019-07-25,9882.43
2019-07-26,9847.45
2019-07-27,9478.32
2019-07-28,9531.77
2019-07-29,9506.93
2019-07-30,9595.52
2019-07-31,10089.25
2019-08-01,10409.79
2019-08-02,10528.99
2019-08-03,10820.41
2019-08-04,10978.91
2019-08-05,11807.96
2019-08-06,11467.1
2019-08-07,11974.28
2019-08-08,11982.8
2019-08-09,11865.21
2019-08-10,11293.59
2019-08-11,11549.06
2019-08-12,11387.41
2019-08-13,10872.0
2019-08-14,10031.89
2019-08-15,10308.51
2019-08-16,10360.43
2019-08-17,10220.75
2019-08-18,10326.25
2019-08-19,10922.16
2019-08-20,10770.76
2019-08-21,10131.67
2019-08-22,10104.11
2019-08-23,10410.49
2019-08-24,10150.07
2019-08-25,10141.75
2019-08-26,10364.91
2019-08-27,10175.47
2019-08-28,9722.83
2019-08-29,9492.81
2019-08-30,9587.25
2019-08-31,9624.54
2019-09-01,9768.36
2019-09-02,10387.5
2019-09-03,10625.1
2019-09-04,10585.2
2019-09-05,10556.16
2019-09-06,10309.91
2019-09-07,10491.96
2019-09-08,10420.88
2019-09-09,10314.88
2019-09-10,10109.46
2019-09-11,10165.01
2019-09-12,10428.96
2019-09-13,10372.29
2019-09-14,10365.56
2019-09-15,10313.02
2019-09-16,10271.79
2019-09-17,10198.62
2019-09-18,10163.38
2019-09-19,10281.03
2019-09-20,10176.38
2019-09-21,9988.38
2019-09-22,10036.98
2019-09-23,9694.6
2019-09-24,8542.54
2019-09-25,8446.97
2019-09-26,8074.99
2019-09-27,8201.36
2019-09-28,8223.65
2019-09-29,8065.26
2019-09-30,8314.62
2019-10-01,8326.64
2019-10-02,8391.52
2019-10-03,8246.3
2019-10-04,8168.05
2019-10-05,8172.48
2019-10-06,7868.31
2019-10-07,8215.11
2019-10-08,8191.87
2019-10-09,8593.16
2019-10-10,8596.57
2019-10-11,8278.05
2019-10-12,8316.66
2019-10-13,8296.34
2019-10-14,8363.94
2019-10-15,8173.48
2019-10-16,8014.39
2019-10-17,8082.46
2019-10-18,7972.62
2019-10-19,7973.63
2019-10-20,8247.25
2019-10-21,8223.25
2019-10-22,8034.5
2019-10-23,7479.54
2019-10-24,7444.2
2019-10-25,8671.1
2019-10-26,9258.98
2019-10-27,9550.6
2019-10-28,9222.23
2019-10-29,9432.86
2019-10-30,9169.86
2019-10-31,9157.52
2019-11-01,9260.59
2019-11-02,9311.99
2019-11-03,9221.61
2019-11-04,9421.54
2019-11-05,9323.61
2019-11-06,9347.27
2019-11-07,9208.52
2019-11-08,8772.31
2019-11-09,8822.19
2019-11-10,9045.85
2019-11-11,8726.31
2019-11-12,8815.14
2019-11-13,8773.82
2019-11-14,8640.42
2019-11-15,8468.57
2019-11-16,8498.94
2019-11-17,8515.28
2019-11-18,8190.16
2019-11-19,8133.57
2019-11-20,8093.6
2019-11-21,7632.59
2019-11-22,7292.2
2019-11-23,7339.24
2019-11-24,6930.09
2019-11-25,7138.23
2019-11-26,7170.11
2019-11-27,7531.5
2019-11-28,7442.33
2019-11-29,7769.38
2019-11-30,7571.77
2019-12-01,7420.53
2019-12-02,7320.94
2019-12-03,7313.64
2019-12-04,7207.78
2019-12-05,7406.75
2019-12-06,7558.58
2019-12-07,7514.86
2019-12-08,7539.7
2019-12-09,7350.62
2019-12-10,7233.84
2019-12-11,7212.01
2019-12-12,7199.39
2019-12-13,7261.72
2019-12-14,7080.29
2019-12-15,7132.39
2019-12-16,6897.33
2019-12-17,6635.84
2019-12-18,7294.53
2019-12-19,7159.26
2019-12-20,7203.41
2019-12-21,7159.47
2019-12-22,7517.58
2019-12-23,7326.6
2019-12-24,7260.91
2019-12-25,7202.72
2019-12-26,7207.23
2019-12-27,7253.82
2019-12-28,7316.23
2019-12-29,7399.49
2019-12-30,7234.44
2019-12-31,7183.88
2020-01-01,7189.94
2020-01-02,6965.72
2020-01-03,7339.7
2020-01-04,7357.5
2020-01-05,7359.96
2020-01-06,7762.69
2020-01-07,8160.36
2020-01-08,8045.15
2020-01-09,7817.35
2020-01-10,8190.31
2020-01-11,8024.58
2020-01-12,8181.49
2020-01-13,8106.56
2020-01-14,8820.95
2020-01-15,8813.21
2020-01-16,8719.63
2020-01-17,8894.83
2020-01-18,8909.28
2020-01-19,8702.59
2020-01-20,8634.03
2020-01-21,8724.84
2020-01-22,8667.26
2020-01-23,8394.28
2020-01-24,8431.78
2020-01-25,8345.88
2020-01-26,8602.37
2020-01-27,8898.94
2020-01-28,9391.97
2020-01-29,9286.18
2020-01-30,9501.38
2020-01-31,9342.23
2020-02-01,9384.45
2020-02-02,9334.25
2020-02-03,9288.96
2020-02-04,9171.98
2020-02-05,9611.42
2020-02-06,9755.84
2020-02-07,9808.36
2020-02-08,9898.25
2020-02-09,10157.78
2020-02-10,9858.03
2020-02-11,10269.43
2020-02-12,10347.93
2020-02-13,10233.32
2020-02-14,10360.37
2020-02-15,9905.43
2020-02-16,9925.51
2020-02-17,9702.48
2020-02-18,10182.6
2020-02-19,9602.43
2020-02-20,9608.8
2020-02-21,9697.86
2020-02-22,9671.46
2020-02-23,9977.39
2020-02-24,9664.21
2020-02-25,9316.18
2020-02-26,8793.5
2020-02-27,8821.5
2020-02-28,8719.29
2020-02-29,8545.45
2020-03-01,8549.38
2020-03-02,8919.74
2020-03-03,8765.68
2020-03-04,8773.78
2020-03-05,9074.82
2020-03-06,9160.39
2020-03-07,8903.72
2020-03-08,8057.67
2020-03-09,7944.4
2020-03-10,7894.66
2020-03-11,7945.36
2020-03-12,4916.78
2020-03-13,5632.58
2020-03-14,5181.77
2020-03-15,5357.02
2020-03-16,5045.0
2020-03-17,5337.66
2020-03-18,5413.06
2020-03-19,6184.88
2020-03-20,6206.44
2020-03-21,6195.43
2020-03-22,5828.15
2020-03-23,6503.53
2020-03-24,6767.18
2020-03-25,6694.21
2020-03-26,6757.95
2020-03-27,6382.8
2020-03-28,6252.49
2020-03-29,5882.2
2020-03-30,6403.31
2020-03-31,6423.61
2020-04-01,6663.63
2020-04-02,6804.42
2020-04-03,6743.68
2020-04-04,6875.95
2020-04-05,6781.64
2020-04-06,7347.22
2020-04-07,7201.57
2020-04-08,7367.37
2020-04-09,7294.55
2020-04-10,6876.49
2020-04-11,6887.6
2020-04-12,6913.76
2020-04-13,6859.43
2020-04-14,6879.44
2020-04-15,6629.54
2020-04-16,7114.55
2020-04-17,7037.12
2020-04-18,7264.29
2020-04-19,7132.88
2020-04-20,6842.45
2020-04-21,6855.11
2020-04-22,7135.41
2020-04-23,7489.25
2020-04-24,7509.44
2020-04-25,7546.92
2020-04-26,7701.35
2020-04-27,7787.41
2020-04-28,7760.32
2020-04-29,8784.96
2020-04-30,8637.56
2020-05-01,8829.12
2020-05-02,8981.11
2020-05-03,8907.19
2020-05-04,8881.65
2020-05-05,9029.75
2020-05-06,9153.2
2020-05-07,9999.93
2020-05-08,9808.18
2020-05-09,9541.13
2020-05-10,8735.05
2020-05-11,8568.88
2020-05-12,8821.18
2020-05-13,9317.44
2020-05-14,9793.19
2020-05-15,9311.69
2020-05-16,9387.08
2020-05-17,9670.56
2020-05-18,9722.73
2020-05-19,9780.2
2020-05-20,9509.45
2020-05-21,9059.11
2020-05-22,9170.74
2020-05-23,9186.19
2020-05-24,8718.49
2020-05-25,8901.48
2020-05-26,8844.5
2020-05-27,9204.62
2020-05-28,9579.71
2020-05-29,9424.62
2020-05-30,9699.78
2020-05-31,9450.47
2020-06-01,10211.23
2020-06-02,9523.75
2020-06-03,9666.06
2020-06-04,9794.55
2020-06-05,9622.02
2020-06-06,9671.46
2020-06-07,9750.7
2020-06-08,9782.58
2020-06-09,9779.7
2020-06-10,9891.84
2020-06-11,9268.13
2020-06-12,9464.23
2020-06-13,9474.65
2020-06-14,9333.7
2020-06-15,9429.65
2020-06-16,9526.7
2020-06-17,9459.13
2020-06-18,9380.67
2020-06-19,9301.83
2020-06-20,9359.18
2020-06-21,9292.81
2020-06-22,9691.61
2020-06-23,9624.3
2020-06-24,9292.94
2020-06-25,9241.32
2020-06-26,9158.07
2020-06-27,9007.14
2020-06-28,9120.39
2020-06-29,9187.07
2020-06-30,9136.47
2020-07-01,9238.89
2020-07-02,9092.8
2020-07-03,9066.46
2020-07-04,9142.2
2020-07-05,9081.44
2020-07-06,9347.05
2020-07-07,9257.32
2020-07-08,9439.2
2020-07-09,9238.95
2020-07-10,9288.57
2020-07-11,9237.13
2020-07-12,9300.95
2020-07-13,9237.89
2020-07-14,9256.07
2020-07-15,9193.22
2020-07-16,9133.23
2020-07-17,9156.79
2020-07-18,9177.22
2020-07-19,9216.02
2020-07-20,9164.42
2020-07-21,9392.83
2020-07-22,9537.24
2020-07-23,9615.21
2020-07-24,9550.23
2020-07-25,9708.41
2020-07-26,9942.01
2020-07-27,11042.94
2020-07-28,10933.26
2020-07-29,11112.04
2020-07-30,11113.66
2020-07-31,11352.72
2020-08-01,11812.42
2020-08-02,11063.5
2020-08-03,11234.73
2020-08-04,11194.18
2020-08-05,11752.05
2020-08-06,11771.27
2020-08-07,11603.82
2020-08-08,11770.77
2020-08-09,11686.34
2020-08-10,11897.41
2020-08-11,11389.01
2020-08-12,11570.19
2020-08-13,11790.68
2020-08-14,11774.52
2020-08-15,11860.91
2020-08-16,11917.97
2020-08-17,12301.19
2020-08-18,11956.69
2020-08-19,11760.37
2020-08-20,11863.43
2020-08-21,11527.35
2020-08-22,11670.42
2020-08-23,11651.52
2020-08-24,11756.4
2020-08-25,11330.56
2020-08-26,11466.89
2020-08-27,11331.02
2020-08-28,11535.21
2020-08-29,11480.48
2020-08-30,11716.54
2020-08-31,11657.81
2020-09-01,11926.69
2020-09-02,11397.9
2020-09-03,10174.62
2020-09-04,10467.33
2020-09-05,10167.97
2020-09-06,10260.37
2020-09-07,10379.08
2020-09-08,10128.54
2020-09-09,10228.85
2020-09-10,10345.68
2020-09-11,10398.5
2020-09-12,10448.0
2020-09-13,10332.36
2020-09-14,10678.31
2020-09-15,10786.7
2020-09-16,10957.1
2020-09-17,10945.14
2020-09-18,10937.89
2020-09-19,11083.61
2020-09-20,10921.85
2020-09-21,10418.14
2020-09-22,10534.73
2020-09-23,10238.09
2020-09-24,10742.98
2020-09-25,10694.12
2020-09-26,10734.23
2020-09-27,10781.47
2020-09-28,10699.0
2020-09-29,10841.29
2020-09-30,10779.42
2020-10-01,10622.79
2020-10-02,10576.64
2020-10-03,10552.04
2020-10-04,10675.52
2020-10-05,10795.11
2020-10-06,10603.9
2020-10-07,10672.67
2020-10-08,10929.4
2020-10-09,11058.78
2020-10-10,11301.57
2020-10-11,11375.51
2020-10-12,11539.76
2020-10-13,11427.29
2020-10-14,11429.3
2020-10-15,11508.31
2020-10-16,11326.25
2020-10-17,11367.65
2020-10-18,11513.33
2020-10-19,11756.88
2020-10-20,11921.78
2020-10-21,12813.11
2020-10-22,12990.25
2020-10-23,12937.2
2020-10-24,13126.13
2020-10-25,13041.21
2020-10-26,13069.43
2020-10-27,13646.02
2020-10-28,13285.97
2020-10-29,13462.18
2020-10-30,13565.95
2020-10-31,13803.41
2020-11-01,13761.72
2020-11-02,13571.24
2020-11-03,14023.78
2020-11-04,14157.73
2020-11-05,15599.92
2020-11-06,15590.62
2020-11-07,14838.16
2020-11-08,15488.25
2020-11-09,15335.03
2020-11-10,15313.73
2020-11-11,15707.08
2020-11-12,16306.53
2020-11-13,16332.85
2020-11-14,16075.95
2020-11-15,15964.7
2020-11-16,16721.46
2020-11-17,17681.54
2020-11-18,17786.27
2020-11-19,17824.64
2020-11-20,18672.78
2020-11-21,18704.06
2020-11-22,18430.59
2020-11-23,18385.74
2020-11-24,19157.16
2020-11-25,18725.76
2020-11-26,17175.86
2020-11-27,17155.0
2020-11-28,17739.9
2020-11-29,18199.23
2020-11-30,19686.87
2020-12-01,18792.03
2020-12-02,19226.19
2020-12-03,19448.44
2020-12-04,18665.0
2020-12-05,19156.84
2020-12-06,19378.94
2020-12-07,19181.41
2020-12-08,18323.52
2020-12-09,18549.92
2020-12-10,18250.47
2020-12-11,18034.86
2020-12-12,18814.98
2020-12-13,19169.05
2020-12-14,19274.69
2020-12-15,19441.96
2020-12-16,21352.13
2020-12-17,22822.17
2020-12-18,23135.57
2020-12-19,23844.72
2020-12-20,23467.06
2020-12-21,22727.13
2020-12-22,23823.32
2020-12-23,23239.5
2020-12-24,23724.2
2020-12-25,24707.98
2020-12-26,26445.7
2020-12-27,26249.27
2020-12-28,27039.45
2020-12-29,27360.78
2020-12-30,28889.61
2020-12-31,28972.4
2021-01-01,29388.94
2021-01-02,32203.64
2021-01-03,33063.48
2021-01-04,32030.55
2021-01-05,34038.29
2021-01-06,36849.86
2021-01-07,39479.41
2021-01-08,40636.24
2021-01-09,40236.66
2021-01-10,38202.08
2021-01-11,35496.03
2021-01-12,34058.4
2021-01-13,37380.85
2021-01-14,39155.58
2021-01-15,36790.17
2021-01-16,36025.26
2021-01-17,35839.51
2021-01-18,36623.04
2021-01-19,35932.79
2021-01-20,35501.38
2021-01-21,30840.3
2021-01-22,33008.02
2021-01-23,32107.29
2021-01-24,32283.66
2021-01-25,32275.27
2021-01-26,32516.52
2021-01-27,30423.05
2021-01-28,33443.87
2021-01-29,34252.08
2021-01-30,34317.82
2021-01-31,33143.22
2021-02-01,33535.94
2021-02-02,35524.43
2021-02-03,37677.34
2021-02-04,36983.42
2021-02-05,38310.24
2021-02-06,39267.01
2021-02-07,38868.82
2021-02-08,46437.41
2021-02-09,46509.57
2021-02-10,44854.95
2021-02-11,48006.18
2021-02-12,47435.54
2021-02-13,47222.32
2021-02-14,48652.87
2021-02-15,47936.51
2021-02-16,49184.63
2021-02-17,52154.91
2021-02-18,51591.61
2021-02-19,55933.47
2021-02-20,55900.84
2021-02-21,57469.95
2021-02-22,54121.17
2021-02-23,48898.7
2021-02-24,49738.17
2021-02-25,47082.87
2021-02-26,46324.5
2021-02-27,46191.39
2021-02-28,45261.03
2021-03-01,49635.07
2021-03-02,48501.21
2021-03-03,50392.55
2021-03-04,48363.74
2021-03-05,48775.37
2021-03-06,48892.8
2021-03-07,50964.18
2021-03-08,52405.02
2021-03-09,54928.7
2021-03-10,55893.31
2021-03-11,57809.41
2021-03-12,57256.22
2021-03-13,61179.79
2021-03-14,58998.89
2021-03-15,55665.01
2021-03-16,56925.01
2021-03-17,58909.0
2021-03-18,57643.32
2021-03-19,58060.21
2021-03-20,58101.34
2021-03-21,57374.95
2021-03-22,54095.36
2021-03-23,54355.45
2021-03-24,52303.02
2021-03-25,51336.09
2021-03-26,55055.43
2021-03-27,55863.73
2021-03-28,55781.01
2021-03-29,57626.1
2021-03-30,58781.54
2021-03-31,58793.8
2021-04-01,58730.82
2021-04-02,58987.8
2021-04-03,57074.97
2021-04-04,58219.43
2021-04-05,59119.56
2021-04-06,58010.35
2021-04-07,55951.98
2021-04-08,58084.46
2021-04-09,58106.85
2021-04-10,59784.8
2021-04-11,59980.45
2021-04-12,59845.76
2021-04-13,63558.48
2021-04-14,62964.27
2021-04-15,63233.03
2021-04-16,61416.41
2021-04-17,60056.07
2021-04-18,56246.82
2021-04-19,55680.11
2021-04-20,56496.06
2021-04-21,53803.25
2021-04-22,51717.61
2021-04-23,51178.03
2021-04-24,50115.99
2021-04-25,49120.97
2021-04-26,54062.29
2021-04-27,55073.48
2021-04-28,54877.94
2021-04-29,53581.58
2021-04-30,57757.97
2021-05-01,57843.16
2021-05-02,56623.51
2021-05-03,57195.07
2021-05-04,53244.07
2021-05-05,57506.88
2021-05-06,56441.94
2021-05-07,57374.33
2021-05-08,58943.13
2021-05-09,58294.18
2021-05-10,55870.01
2021-05-11,56747.52
2021-05-12,49504.08
2021-05-13,49700.6
2021-05-14,49887.96
2021-05-15,46775.29
2021-05-16,46490.71
2021-05-17,43552.14
2021-05-18,42886.02
2021-05-19,36771.87
2021-05-20,40597.4
2021-05-21,37350.39
2021-05-22,37491.5
2021-05-23,34716.84
2021-05-24,38837.76
2021-05-25,38387.36
2021-05-26,39295.08
2021-05-27,38538.84
2021-05-28,35680.92
2021-05-29,34611.58
2021-05-30,35662.59
2021-05-31,37290.83
2021-06-01,36683.51
2021-06-02,37576.98
2021-06-03,39229.66
2021-06-04,36861.5
2021-06-05,35538.4
2021-06-06,35798.57
2021-06-07,33582.86
2021-06-08,33409.38
2021-06-09,37391.58
2021-06-10,36680.78
2021-06-11,37339.98
2021-06-12,35541.78
2021-06-13,39017.37
2021-06-14,40526.63
2021-06-15,40161.86
2021-06-16,38345.41
2021-06-17,38082.3
2021-06-18,35830.29
2021-06-19,35515.38
2021-06-20,35602.26
2021-06-21,31652.62
2021-06-22,32537.58
2021-06-23,33678.64
2021-06-24,34649.84
2021-06-25,31593.86
2021-06-26,32307.35
2021-06-27,34713.81
2021-06-28,34487.11
2021-06-29,35901.41
2021-06-30,35056.39
2021-07-01,33543.11
2021-07-02,33804.54
2021-07-03,34682.84
2021-07-04,35287.97
2021-07-05,33702.79
2021-07-06,34237.66
2021-07-07,33880.79
2021-07-08,32874.01
2021-07-09,33804.2
2021-07-10,33515.13
2021-07-11,34249.3
2021-07-12,33088.51
2021-07-13,32737.47
2021-07-14,32820.5
2021-07-15,31867.46
2021-07-16,31401.76
2021-07-17,31546.64
2021-07-18,31806.3
2021-07-19,30847.55
2021-07-20,29795.55
2021-07-21,32139.48
2021-07-22,32299.47
2021-07-23,33637.92
2021-07-24,34282.56
2021-07-25,35369.93
2021-07-26,37269.52
2021-07-27,39496.69
2021-07-28,40030.01
2021-07-29,40030.52
2021-07-30,42231.83
2021-07-31,41474.72
2021-08-01,39870.76
2021-08-02,39158.53
2021-08-03,38189.3
2021-08-04,39738.56
2021-08-05,40888.18
2021-08-06,42852.18
2021-08-07,44617.96
2021-08-08,43827.75
2021-08-09,46292.61
2021-08-10,45601.03
2021-08-11,45556.69
2021-08-12,44425.52
2021-08-13,47832.93
2021-08-14,47102.03
2021-08-15,47015.94
2021-08-16,45927.4
2021-08-17,44684.43
2021-08-18,44714.54
2021-08-19,46761.49
2021-08-20,49336.45
2021-08-21,48867.87
2021-08-22,49289.71
2021-08-23,49521.06
2021-08-24,47690.54
2021-08-25,48996.44
2021-08-26,46852.22
2021-08-27,49088.1
2021-08-28,48918.9
2021-08-29,48794.26
2021-08-30,46993.31
2021-08-31,47159.26
2021-09-01,48840.01
2021-09-02,49280.77
2021-09-03,50019.51
2021-09-04,49935.29
2021-09-05,51784.16
2021-09-06,52693.32
2021-09-07,46856.31
2021-09-08,46073.45
2021-09-09,46392.85
2021-09-10,44853.1
2021-09-11,45166.12
2021-09-12,46049.72
2021-09-13,44958.56
2021-09-14,47129.01
2021-09-15,48148.45
2021-09-16,47764.47
2021-09-17,47297.98
2021-09-18,48312.46
2021-09-19,47251.76
2021-09-20,42925.46
2021-09-21,40709.59
2021-09-22,43576.15
2021-09-23,44893.87
2021-09-24,42848.41
2021-09-25,42721.91
2021-09-26,43201.79
2021-09-27,42187.51
2021-09-28,41056.79
2021-09-29,41539.43
2021-09-30,43829.34
2021-10-01,48164.35
2021-10-02,47669.02
2021-10-03,48234.05
2021-10-04,49276.91
2021-10-05,51504.27
2021-10-06,55345.85
2021-10-07,53797.21
2021-10-08,53949.29
2021-10-09,54968.04
2021-10-10,54700.24
2021-10-11,57498.8
2021-10-12,56010.9
2021-10-13,57369.0
2021-10-14,57359.21
2021-10-15,61684.96
2021-10-16,60877.77
2021-10-17,61520.54
2021-10-18,62038.16
2021-10-19,64283.97
2021-10-20,66021.02
2021-10-21,62283.96
2021-10-22,60693.59
2021-10-23,61313.09
2021-10-24,60863.56
2021-10-25,63089.04
2021-10-26,60315.68
2021-10-27,58464.42
2021-10-28,60610.11
2021-10-29,62282.5
2021-10-30,61891.91
2021-10-31,61349.75
2021-11-01,60960.98
2021-11-02,63260.05
2021-11-03,62929.93
2021-11-04,61448.47
2021-11-05,61019.66
2021-11-06,61529.76
2021-11-07,63302.78
2021-11-08,67549.14
2021-11-09,66939.24
2021-11-10,64926.06
2021-11-11,64820.8
2021-11-12,64156.3
2021-11-13,64409.56
2021-11-14,65509.06
2021-11-15,63614.06
2021-11-16,60108.9
2021-11-17,60365.6
2021-11-18,56930.68
2021-11-19,58136.22
2021-11-20,59769.66
2021-11-21,58700.83
2021-11-22,56303.06
2021-11-23,57566.6
2021-11-24,57175.09
2021-11-25,58966.99
2021-11-26,53788.22
2021-11-27,54805.03
2021-11-28,57331.41
2021-11-29,57839.55
2021-11-30,56975.35
2021-12-01,57227.97
2021-12-02,56522.76
2021-12-03,53663.25
2021-12-04,49243.39
2021-12-05,49465.5
2021-12-06,50552.83
2021-12-07,50633.01
2021-12-08,50513.04
2021-12-09,47593.85
2021-12-10,47191.14
2021-12-11,49398.4
2021-12-12,50109.99
2021-12-13,46731.03
2021-12-14,48387.69
2021-12-15,48885.05
2021-12-16,47635.92
2021-12-17,46164.14
2021-12-18,46861.62
2021-12-19,46697.13
2021-12-20,46913.54
2021-12-21,48917.48
2021-12-22,48614.97
2021-12-23,50830.2
2021-12-24,50840.36
2021-12-25,50431.63
2021-12-26,50790.88
2021-12-27,50714.73
2021-12-28,47536.39
2021-12-29,46471.7
2021-12-30,47129.66
2021-12-31,46197.31
2022-01-01,47737.35
2022-01-02,47306.41
2022-01-03,46450.79
2022-01-04,45824.54
2022-01-05,43432.51
2022-01-06,43094.54
2022-01-07,41543.79
2022-01-08,41686.67
2022-01-09,41869.6
2022-01-10,41832.59
2022-01-11,42743.03
2022-01-12,43919.67
2022-01-13,42575.61
2022-01-14,43089.83
2022-01-15,43088.74
2022-01-16,43100.36
2022-01-17,42224.38
2022-01-18,42372.75
2022-01-19,41674.8
2022-01-20,40697.03
2022-01-21,36469.3
2022-01-22,35075.92
2022-01-23,36288.15
2022-01-24,36702.79
2022-01-25,36975.99
2022-01-26,36829.37
2022-01-27,37189.85
2022-01-28,37744.7
2022-01-29,38184.86
2022-01-30,37908.44
2022-01-31,38494.66
2022-02-01,38721.49
2022-02-02,36918.19
2022-02-03,37328.64
2022-02-04,41590.34
2022-02-05,41418.21
2022-02-06,42412.41
2022-02-07,43861.07
2022-02-08,44080.12
2022-02-09,44422.91
2022-02-10,43531.67
2022-02-11,42398.98
2022-02-12,42239.01
2022-02-13,42069.84
2022-02-14,42552.28
2022-02-15,44576.33
2022-02-16,43896.34
2022-02-17,40545.09
2022-02-18,39994.66
2022-02-19,40107.12
2022-02-20,38397.25
2022-02-21,37037.39
2022-02-22,38267.75
2022-02-23,37270.85
2022-02-24,38353.62
2022-02-25,39239.77
2022-02-26,39134.83
2022-02-27,37714.96
2022-02-28,43189.46
2022-03-01,44428.47
2022-03-02,43935.37
2022-03-03,42474.37
2022-03-04,39154.4
2022-03-05,39407.02
2022-03-06,38428.92
2022-03-07,38030.63
2022-03-08,38748.52
2022-03-09,41962.85
2022-03-10,39443.42
2022-03-11,38741.03
2022-03-12,38805.53
2022-03-13,37796.31
2022-03-14,39696.28
2022-03-15,39314.86
2022-03-16,41133.64
2022-03-17,40956.79
2022-03-18,41790.97
2022-03-19,42235.02
2022-03-20,41243.16
2022-03-21,41043.9
2022-03-22,42380.11
2022-03-23,42904.1
2022-03-24,44006.77
2022-03-25,44331.36
2022-03-26,44542.31
2022-03-27,46842.14
2022-03-28,47128.71
2022-03-29,47445.3
2022-03-30,47056.41
2022-03-31,45522.65
2022-04-01,46299.75
2022-04-02,45822.28
2022-04-03,46414.26
2022-04-04,46609.36
2022-04-05,45501.58
2022-04-06,43177.78
2022-04-07,43466.21
2022-04-08,42273.38
2022-04-09,42768.61
2022-04-10,42153.77
2022-04-11,39536.71
2022-04-12,40086.66
2022-04-13,41150.33
2022-04-14,39951.63
2022-04-15,40563.69
2022-04-16,40392.55
2022-04-17,39688.16
2022-04-18,40811.03
2022-04-19,41504.44
2022-04-20,41375.35
2022-04-21,40490.97
2022-04-22,39716.04
2022-04-23,39445.97
2022-04-24,39466.26
2022-04-25,40437.52
2022-04-26,38117.39
2022-04-27,39252.04
2022-04-28,39749.75
2022-04-29,38594.22
2022-04-30,37650.13
2022-05-01,38480.53
2022-05-02,38513.01
2022-05-03,37725.38
2022-05-04,39680.21
2022-05-05,36546.86
2022-05-06,36009.89
2022-05-07,35469.21
2022-05-08,34033.77
2022-05-09,30076.9
2022-05-10,31013.12
2022-05-11,29017.21
2022-05-12,28915.72
2022-05-13,29244.83
2022-05-14,30050.31
2022-05-15,31296.11
2022-05-16,29838.5
2022-05-17,30415.91
2022-05-18,28667.29
2022-05-19,30282.48
2022-05-20,29166.15
2022-05-21,29410.72
2022-05-22,30264.29
2022-05-23,29075.68
2022-05-24,29630.05
2022-05-25,29508.27
2022-05-26,29188.71
2022-05-27,28597.33
2022-05-28,29013.53
2022-05-29,29452.23
2022-05-30,31716.41
2022-05-31,31782.16
2022-06-01,29789.58
2022-06-02,30439.63
2022-06-03,29680.3
2022-06-04,29845.48
2022-06-05,29897.9
2022-06-06,31353.78
2022-06-07,31111.75
2022-06-08,30189.27
2022-06-09,30082.94
2022-06-10,29067.38
2022-06-11,28389.49
2022-06-12,26587.35
2022-06-13,22471.59
2022-06-14,22118.37
2022-06-15,22566.73
2022-06-16,20372.85
2022-06-17,20432.26
2022-06-18,18954.25
2022-06-19,20553.48
2022-06-20,20550.91
2022-06-21,20699.21
2022-06-22,19956.16
2022-06-23,21098.41
2022-06-24,21219.46
2022-06-25,21474.19
2022-06-26,21031.85
2022-06-27,20718.16
2022-06-28,20251.96
2022-06-29,20094.16
2022-06-30,19908.49
2022-07-01,19249.33
2022-07-02,19225.66
2022-07-03,19294.21
2022-07-04,20212.81
2022-07-05,20158.69
2022-07-06,20545.04
2022-07-07,21611.8
2022-07-08,21592.65
2022-07-09,21582.17
2022-07-10,20846.53
2022-07-11,19944.25
2022-07-12,19309.71
2022-07-13,20230.81
2022-07-14,20577.38
2022-07-15,20827.27
2022-07-16,21199.01
2022-07-17,20792.81
2022-07-18,22447.39
2022-07-19,23399.91
2022-07-20,23222.77
2022-07-21,23153.54
2022-07-22,22686.32
2022-07-23,22452.14
2022-07-24,22585.4
2022-07-25,21305.59
2022-07-26,21258.08
2022-07-27,22960.19
2022-07-28,23855.65
2022-07-29,23769.15
2022-07-30,23646.03
2022-07-31,23308.14
2022-08-01,23271.57
2022-08-02,22991.49
2022-08-03,22825.25
2022-08-04,22622.99
2022-08-05,23319.22
2022-08-06,22956.4
2022-08-07,23179.86
2022-08-08,23817.72
2022-08-09,23156.66
2022-08-10,23959.67
2022-08-11,23943.36
2022-08-12,24412.17
2022-08-13,24449.86
2022-08-14,24313.71
2022-08-15,24101.69
2022-08-16,23858.64
2022-08-17,23338.03
2022-08-18,23201.51
2022-08-19,20833.43
2022-08-20,21142.06
2022-08-21,21514.79
2022-08-22,21399.66
2022-08-23,21520.62
2022-08-24,21369.05
2022-08-25,21565.47
2022-08-26,20247.99
2022-08-27,20038.42
2022-08-28,19554.08
2022-08-29,20292.37
2022-08-30,19813.51
2022-08-31,20050.28
2022-09-01,20129.93
2022-09-02,19957.44
2022-09-03,19834.79
2022-09-04,20003.46
2022-09-05,19793.29
2022-09-06,18791.95
2022-09-07,19287.52
2022-09-08,19321.77
2022-09-09,21369.73
2022-09-10,21655.13
2022-09-11,21836.45
2022-09-12,22400.52
2022-09-13,20173.77
2022-09-14,20233.68
2022-09-15,19700.15
2022-09-16,19804.02
2022-09-17,20118.35
2022-09-18,19417.72
2022-09-19,19541.28
2022-09-20,18879.95
2022-09-21,18468.05
2022-09-22,19405.96
2022-09-23,19291.13
2022-09-24,18924.39
2022-09-25,18809.94
2022-09-26,19230.96
2022-09-27,19081.4
2022-09-28,19412.67
2022-09-29,19593.46
2022-09-30,19425.63
2022-10-01,19313.96
2022-10-02,19058.15
2022-10-03,19632.35
2022-10-04,20344.58
2022-10-05,20160.74
2022-10-06,19965.12
2022-10-07,19532.81
2022-10-08,19419.32
2022-10-09,19442.41
2022-10-10,19131.36
2022-10-11,19058.29
2022-10-12,19154.85
2022-10-13,19378.91
2022-10-14,19182.01
2022-10-15,19069.72
2022-10-16,19264.26
2022-10-17,19550.49
2022-10-18,19330.29
2022-10-19,19123.89
2022-10-20,19043.54
2022-10-21,19166.4
2022-10-22,19207.57
2022-10-23,19572.6
2022-10-24,19331.06
2022-10-25,20087.18
2022-10-26,20776.76
2022-10-27,20295.28
2022-10-28,20599.89
2022-10-29,20820.19
2022-10-30,20630.65
2022-10-31,20492.56
2022-11-01,20480.27
2022-11-02,20150.33
2022-11-03,20207.99
2022-11-04,21150.6
2022-11-05,21301.57
2022-11-06,20910.59
2022-11-07,20593.73
2022-11-08,18544.7
2022-11-09,15820.02
2022-11-10,17559.67
2022-11-11,17007.72
2022-11-12,16773.9
2022-11-13,16307.47
2022-11-14,16592.04
2022-11-15,16879.14
2022-11-16,16648.05
2022-11-17,16680.21
2022-11-18,16677.95
2022-11-19,16683.72
2022-11-20,16253.6
2022-11-21,15760.19
2022-11-22,16198.25
2022-11-23,16590.98
2022-11-24,16588.46
2022-11-25,16508.33
2022-11-26,16451.53
2022-11-27,16420.87
2022-11-28,16207.01
2022-11-29,16431.79
2022-11-30,17162.35
2022-12-01,16978.64
2022-12-02,17094.49
2022-12-03,16888.31
2022-12-04,17111.76
2022-12-05,16966.84
2022-12-06,17086.52
2022-12-07,16837.85
2022-12-08,17226.02
2022-12-09,17126.85
2022-12-10,17129.19
2022-12-11,17094.83
2022-12-12,17208.66
2022-12-13,17775.32
2022-12-14,17801.37
2022-12-15,17359.21
2022-12-16,16658.44
2022-12-17,16780.55
2022-12-18,16742.74
2022-12-19,16442.79
2022-12-20,16901.12
2022-12-21,16821.13
2022-12-22,16816.01
2022-12-23,16780.97
2022-12-24,16837.16
2022-12-25,16829.1
2022-12-26,16916.07
2022-12-27,16700.54
2022-12-28,16540.47
2022-12-29,16631.24
2022-12-30,16599.47
2022-12-31,16531.31
2023-01-01,16613.87
2023-01-02,16670.08
2023-01-03,16670.16
2023-01-04,16846.82
2023-01-05,16825.87
2023-01-06,16946.16
2023-01-07,16942.73
2023-01-08,17115.81
2023-01-09,17179.03
2023-01-10,17442.44
2023-01-11,17938.0
2023-01-12,18849.0
2023-01-13,19932.05
2023-01-14,20954.52
2023-01-15,20878.94
2023-01-16,21188.92
2023-01-17,21136.12
2023-01-18,20678.47
2023-01-19,21082.28
2023-01-20,22676.2
2023-01-21,22789.92
2023-01-22,22714.99
2023-01-23,22917.47
2023-01-24,22637.8
2023-01-25,23066.28
2023-01-26,23009.15
2023-01-27,23077.75
2023-01-28,23031.02
2023-01-29,23747.26
2023-01-30,22833.34
2023-01-31,23129.7
2023-02-01,23730.52
2023-02-02,23470.8
2023-02-03,23437.21
2023-02-04,23332.1
2023-02-05,22940.79
2023-02-06,22761.44
2023-02-07,23252.78
2023-02-08,22961.13
2023-02-09,21807.55
2023-02-10,21634.86
2023-02-11,21862.19
2023-02-12,21790.14
2023-02-13,21787.77
2023-02-14,22208.56
2023-02-15,24332.21
2023-02-16,23533.22
2023-02-17,24578.28
2023-02-18,24638.27
2023-02-19,24287.53
2023-02-20,24838.09
2023-02-21,24450.5
2023-02-22,24186.92
2023-02-23,23941.1
2023-02-24,23189.78
2023-02-25,23168.68
2023-02-26,23557.29
2023-02-27,23492.86
2023-02-28,23137.23
2023-03-01,23642.8
2023-03-02,23467.23
2023-03-03,22360.92
2023-03-04,22353.23
2023-03-05,22434.09
2023-03-06,22410.79
2023-03-07,22201.44
2023-03-08,21704.74
2023-03-09,20370.48
2023-03-10,20206.71
2023-03-11,20613.6
2023-03-12,22183.71
2023-03-13,24207.1
2023-03-14,24757.56
2023-03-15,24372.11
2023-03-16,25049.83
2023-03-17,27441.41
2023-03-18,26973.46
2023-03-19,28040.29
2023-03-20,27807.05
2023-03-21,28188.11
2023-03-22,27316.18
2023-03-23,28345.7
2023-03-24,27493.01
2023-03-25,27492.83
2023-03-26,27995.16
2023-03-27,27146.01
2023-03-28,27266.08
2023-03-29,28355.7
2023-03-30,28040.71
2023-03-31,28474.62
2023-04-01,28468.49
2023-04-02,28187.85
2023-04-03,27809.04
2023-04-04,28177.23
2023-04-05,28180.06
2023-04-06,28043.49
2023-04-07,27927.8
2023-04-08,27953.93
2023-04-09,28340.68
2023-04-10,29655.75
2023-04-11,30226.45
2023-04-12,29905.56
2023-04-13,30407.76
2023-04-14,30491.71
2023-04-15,30321.55
2023-04-16,30322.37
2023-04-17,29446.34
2023-04-18,30395.53
2023-04-19,28821.91
2023-04-20,28248.11
2023-04-21,27261.17
2023-04-22,27820.73
2023-04-23,27596.85
2023-04-24,27520.93
2023-04-25,28308.07
2023-04-26,28432.89
2023-04-27,29483.94
2023-04-28,29339.99
2023-04-29,29251.2
2023-04-30,29236.81
2023-05-01,28086.77
2023-05-02,28694.7
2023-05-03,29041.65
2023-05-04,28865.72
2023-05-05,29548.51
2023-05-06,28943.98
2023-05-07,28572.81
2023-05-08,27783.42
2023-05-09,27680.21
2023-05-10,27628.73
2023-05-11,26991.62
2023-05-12,26807.09
2023-05-13,26788.88
2023-05-14,26931.44
2023-05-15,27176.27
2023-05-16,27036.57
2023-05-17,27406.21
2023-05-18,26823.31
2023-05-19,26888.42
2023-05-20,27118.54
2023-05-21,26755.17
2023-05-22,26855.4
2023-05-23,27224.7
2023-05-24,26326.17
2023-05-25,26480.21
2023-05-26,26719.7
2023-05-27,26872.59
2023-05-28,28077.57
2023-05-29,27746.07
2023-05-30,27703.56
2023-05-31,27220.17
2023-06-01,26825.73
2023-06-02,27251.14
2023-06-03,27078.3
2023-06-04,27125.24
2023-06-05,25740.46
2023-06-06,27269.02
2023-06-07,26348.91
2023-06-08,26509.09
2023-06-09,26483.81
2023-06-10,25856.18
2023-06-11,25937.58
2023-06-12,25905.64
2023-06-13,25928.94
2023-06-14,25125.73
2023-06-15,25574.36
2023-06-16,26330.59
2023-06-17,26510.43
2023-06-18,26338.0
2023-06-19,26842.09
2023-06-20,28319.35
2023-06-21,30000.55
2023-06-22,29892.81
2023-06-23,30705.39
2023-06-24,30548.2
2023-06-25,30473.64
2023-06-26,30271.91
2023-06-27,30696.99
2023-06-28,30078.9
2023-06-29,30447.17
2023-06-30,30471.06
2023-07-01,30590.76
2023-07-02,30617.66
2023-07-03,31160.24
2023-07-04,30774.39
2023-07-05,30503.07
2023-07-06,29907.98
2023-07-07,30349.69
2023-07-08,30294.36
2023-07-09,30171.49
2023-07-10,30421.04
2023-07-11,30626.62
2023-07-12,30385.22
2023-07-13,31475.78
2023-07-14,30331.09
2023-07-15,30298.45
2023-07-16,30248.17
2023-07-17,30147.68
2023-07-18,29863.79
2023-07-19,29918.6
2023-07-20,29809.61
2023-07-21,29911.46
2023-07-22,29791.61
2023-07-23,30085.68
2023-07-24,29181.04
2023-07-25,29226.63
2023-07-26,29352.06
2023-07-27,29217.05
2023-07-28,29316.82
2023-07-29,29358.76
2023-07-30,29283.34
2023-07-31,29231.47
2023-08-01,29699.74
2023-08-02,29163.69
2023-08-03,29177.75
2023-08-04,29078.51
2023-08-05,29050.34
2023-08-06,29046.16
2023-08-07,29182.16
2023-08-08,29770.51
2023-08-09,29566.47
2023-08-10,29428.1
2023-08-11,29403.56
2023-08-12,29417.08
2023-08-13,29281.55
2023-08-14,29409.22
2023-08-15,29171.23
2023-08-16,28702.8
2023-08-17,26629.67
2023-08-18,26049.69
2023-08-19,26095.8
2023-08-20,26191.01
2023-08-21,26126.18
2023-08-22,26043.01
2023-08-23,26429.4
2023-08-24,26166.22
2023-08-25,26051.29
2023-08-26,26010.35
2023-08-27,26091.32
2023-08-28,26106.0
2023-08-29,27724.41
2023-08-30,27305.41
2023-08-31,25937.29
2023-09-01,25798.79
2023-09-02,25868.56
2023-09-03,25971.37
2023-09-04,25816.24
2023-09-05,25785.01
2023-09-06,25751.71
2023-09-07,26264.75
2023-09-08,25907.13
2023-09-09,25898.41
2023-09-10,25833.67
2023-09-11,25157.07
2023-09-12,25840.34
2023-09-13,26227.49
2023-09-14,26533.66
2023-09-15,26605.49
2023-09-16,26569.13
2023-09-17,26533.12
2023-09-18,26767.82
2023-09-19,27219.02
2023-09-20,27126.4
2023-09-21,26567.47
2023-09-22,26583.16
2023-09-23,26585.41
2023-09-24,26261.44
2023-09-25,26297.93
2023-09-26,26212.59
2023-09-27,26360.2
2023-09-28,27027.2
2023-09-29,26909.4
2023-09-30,26964.27
2023-10-01,27994.51
2023-10-02,27507.22
2023-10-03,27428.66
2023-10-04,27789.8
2023-10-05,27414.59
2023-10-06,27946.61
2023-10-07,27973.69
2023-10-08,27933.57
2023-10-09,27598.77
2023-10-10,27395.4
2023-10-11,26871.21
2023-10-12,26756.23
2023-10-13,26862.9
2023-10-14,26854.52
2023-10-15,27177.41
2023-10-16,28518.37
2023-10-17,28409.46
2023-10-18,28328.07
2023-10-19,28733.78
2023-10-20,29684.37
2023-10-21,29924.08
2023-10-22,30001.44
2023-10-23,33084.08
2023-10-24,33923.52
2023-10-25,34503.4
2023-10-26,34157.06
2023-10-27,33907.7
2023-10-28,34090.05
2023-10-29,34535.38
2023-10-30,34494.56
2023-10-31,34657.73
2023-11-01,35439.76
2023-11-02,34947.15
2023-11-03,34732.28
2023-11-04,35086.09
2023-11-05,35039.47
2023-11-06,35054.59
2023-11-07,35421.85
2023-11-08,35638.33
2023-11-09,36704.14
2023-11-10,37321.51
2023-11-11,37142.22
2023-11-12,37079.76
2023-11-13,36482.51
2023-11-14,35551.21
2023-11-15,37884.19
2023-11-16,36162.42
2023-11-17,36626.32
2023-11-18,36591.19
2023-11-19,37388.64
2023-11-20,37476.66
2023-11-21,35758.72
2023-11-22,37424.2
2023-11-23,37299.18
2023-11-24,37737.05
2023-11-25,37801.92
2023-11-26,37460.21
2023-11-27,37246.29
2023-11-28,37836.63
2023-11-29,37861.9
2023-11-30,37729.58
2023-12-01,38699.84
2023-12-02,39469.35
2023-12-03,39980.93
2023-12-04,41984.41
2023-12-05,44089.06
2023-12-06,43771.01
2023-12-07,43285.02
2023-12-08,44186.18
2023-12-09,43723.0
2023-12-10,43791.67
2023-12-11,41235.58
2023-12-12,41472.94
2023-12-13,42887.55
2023-12-14,43030.6
2023-12-15,41939.16
2023-12-16,42243.26
2023-12-17,41349.42
2023-12-18,42650.27
2023-12-19,42268.08
2023-12-20,43669.91
2023-12-21,43875.01
2023-12-22,44008.04
2023-12-23,43732.75
2023-12-24,43023.12
2023-12-25,43593.79
2023-12-26,42517.32
2023-12-27,43469.34
2023-12-28,42588.94
2023-12-29,42073.59
2023-12-30,42146.03
2023-12-31,42280.14
2024-01-01,44197.61
2024-01-02,44970.34
2024-01-03,42854.08
2024-01-04,44194.38
2024-01-05,44178.89
2024-01-06,43988.33
2024-01-07,43950.84
2024-01-08,46988.14
2024-01-09,46123.0
2024-01-10,46667.48
2024-01-11,46353.15
2024-01-12,42776.42
2024-01-13,42839.19
2024-01-14,41704.39
2024-01-15,42491.26
2024-01-16,43130.88
2024-01-17,42739.27
2024-01-18,41286.68
2024-01-19,41625.47
2024-01-20,41677.08
2024-01-21,41570.17
2024-01-22,39523.63
2024-01-23,39876.44
2024-01-24,40078.62
2024-01-25,39941.74
2024-01-26,41816.55
2024-01-27,42124.02
2024-01-28,42028.92
2024-01-29,43302.28
2024-01-30,42943.64
2024-01-31,42555.08
2024-02-01,43073.2
2024-02-02,43181.71
2024-02-03,42999.52
2024-02-04,42570.21
2024-02-05,42664.56
2024-02-06,43091.51
2024-02-07,44339.04
2024-02-08,45304.61
2024-02-09,47154.23
2024-02-10,47768.12
2024-02-11,48311.16
2024-02-12,49942.97
2024-02-13,49733.11
2024-02-14,51844.19
2024-02-15,51934.57
2024-02-16,52163.28
2024-02-17,51668.78
2024-02-18,52139.33
2024-02-19,51781.22
2024-02-20,52269.59
2024-02-21,51854.36
2024-02-22,51263.67
2024-02-23,50744.07
2024-02-24,51574.61
2024-02-25,51727.63
2024-02-26,54518.58
2024-02-27,57071.6
2024-02-28,62507.1
2024-02-29,61179.58
2024-03-01,62431.25
2024-03-02,62038.39
2024-03-03,63149.43
2024-03-04,68338.64
2024-03-05,63804.11
2024-03-06,66115.57
2024-03-07,66928.15
2024-03-08,68269.39
2024-03-09,68446.32
2024-03-10,69023.53
2024-03-11,72095.86
2024-03-12,71449.5
2024-03-13,73118.09
2024-03-14,71366.96
2024-03-15,69497.39
2024-03-16,65260.55
2024-03-17,68364.45
2024-03-18,67609.44
2024-03-19,61924.02
2024-03-20,67857.3
2024-03-21,65493.22
2024-03-22,63816.99
2024-03-23,64004.42
2024-03-24,67208.33
2024-03-25,69892.26
2024-03-26,69990.22
2024-03-27,69434.46
2024-03-28,70789.57
2024-03-29,69903.72
2024-03-30,69629.99
2024-03-31,71312.91
2024-04-01,69686.37
2024-04-02,65466.81
2024-04-03,65986.11
2024-04-04,68523.79
2024-04-05,67860.53
2024-04-06,68913.79
2024-04-07,69357.32
2024-04-08,71629.36
2024-04-09,69129.48
2024-04-10,70628.54
2024-04-11,70026.43
2024-04-12,67158.3
2024-04-13,64021.36
2024-04-14,65765.64
2024-04-15,63447.27
2024-04-16,63824.7
2024-04-17,61283.74
2024-04-18,63511.2
2024-04-19,63848.26
2024-04-20,64979.21
2024-04-21,64955.82
2024-04-22,66854.24
2024-04-23,66415.06
2024-04-24,64263.95
2024-04-25,64488.49
2024-04-26,63750.63
2024-04-27,63434.44
2024-04-28,63111.34
2024-04-29,63847.54
2024-04-30,60633.97
2024-05-01,58277.44
2024-05-02,59083.85
2024-05-03,62917.45
2024-05-04,63904.51
2024-05-05,64037.5
2024-05-06,63168.44
2024-05-07,62323.36
2024-05-08,61179.81
2024-05-09,63077.18
2024-05-10,60790.82
2024-05-11,60823.19
2024-05-12,61459.22
2024-05-13,62932.29
2024-05-14,61548.48
2024-05-15,66245.16
2024-05-16,65250.53
2024-05-17,67051.35
2024-05-18,66927.56
2024-05-19,66268.25
2024-05-20,71430.23
2024-05-21,70141.17
2024-05-22,69123.56
2024-05-23,67946.35
2024-05-24,68548.33
2024-05-25,69288.95
2024-05-26,68488.29
2024-05-27,69386.83
2024-05-28,68330.84
2024-05-29,67576.81
2024-05-30,68346.19
2024-05-31,67482.25
2024-06-01,67721.6
2024-06-02,67738.74
2024-06-03,68799.6
2024-06-04,70548.51
2024-06-05,71117.68
2024-06-06,70772.35
2024-06-07,69330.51
2024-06-08,69303.58
2024-06-09,69639.42
2024-06-10,69505.57
2024-06-11,67319.41
2024-06-12,68247.0
2024-06-13,66742.54
2024-06-14,66006.13
2024-06-15,66188.81
2024-06-16,66631.59
2024-06-17,66481.73
2024-06-18,65158.02
2024-06-19,64950.82
2024-06-20,64847.89
2024-06-21,64119.34
2024-06-22,64250.18
2024-06-23,63181.02
2024-06-24,60270.95
2024-06-25,61796.56
2024-06-26,60824.43
2024-06-27,61630.1
2024-06-28,60324.3
2024-06-29,60905.3
2024-06-30,62685.88
2024-07-01,62841.27
2024-07-02,62044.48
2024-07-03,60157.2
2024-07-04,57041.11
2024-07-05,56646.24
2024-07-06,58255.65
2024-07-07,55866.6
2024-07-08,56709.76
2024-07-09,58047.2
2024-07-10,57725.78
2024-07-11,57348.75
2024-07-12,57913.68
2024-07-13,59231.06
2024-07-14,60818.77
2024-07-15,64765.55
2024-07-16,65087.61
2024-07-17,64096.64
2024-07-18,63981.43
2024-07-19,66708.49
2024-07-20,67163.86
2024-07-21,68176.98
2024-07-22,67567.71
2024-07-23,65939.83
2024-07-24,65375.53
2024-07-25,65794.0
2024-07-26,67925.17
2024-07-27,67904.55
2024-07-28,68252.75
2024-07-29,66782.78
2024-07-30,66180.04
2024-07-31,64617.83
2024-08-01,65300.21
2024-08-02,61422.3
2024-08-03,60679.28
2024-08-04,58135.89
2024-08-05,54031.82
2024-08-06,56057.67
2024-08-07,55130.45
2024-08-08,61708.53
2024-08-09,60868.88
2024-08-10,60940.82
2024-08-11,58725.0
2024-08-12,59360.89
2024-08-13,60609.73
2024-08-14,58698.05
2024-08-15,57552.92
2024-08-16,58893.67
2024-08-17,59497.94
2024-08-18,58439.22
2024-08-19,59464.41
2024-08-20,59027.55
2024-08-21,61170.8
2024-08-22,60387.29
2024-08-23,64087.8
2024-08-24,64180.77
2024-08-25,64264.62
2024-08-26,62850.27
2024-08-27,59441.73
2024-08-28,59043.5
2024-08-29,59369.85
2024-08-30,59129.05
2024-08-31,58989.17
2024-09-01,57313.44
2024-09-02,59147.8
2024-09-03,57481.84
2024-09-04,57975.52
2024-09-05,56167.4
2024-09-06,53954.33
2024-09-07,54167.82
2024-09-08,54879.33
2024-09-09,57056.31
2024-09-10,57642.43
2024-09-11,57354.27
2024-09-12,58140.61
2024-09-13,60548.12
2024-09-14,60013.26
2024-09-15,59139.21
2024-09-16,58210.01
2024-09-17,60321.59
2024-09-18,61775.68
2024-09-19,62963.41
2024-09-20,63211.47
2024-09-21,63363.17
2024-09-22,63587.45
2024-09-23,63341.97
2024-09-24,64276.65
2024-09-25,63144.83
2024-09-26,65183.68
2024-09-27,65790.28
2024-09-28,65868.67
2024-09-29,65611.98
2024-09-30,63314.81
2024-10-01,63314.81
